AIRLINE,ORIGIN,DEST,CRS_DEP_TIME,CRS_ARR_TIME,DISTANCE,is_delayed
11,36,36,0.786259542,0.856190079,0.182950026,0
15,7,2,0.510602205,0.606502709,0.173785233,0
11,25,3,0.678117048,0.71446436,0.098564759,1
7,3,43,0.807039864,0.891204669,0.158222376,1
6,149,1,0.612383376,0.679449771,0.231540723,1
0,2,60,0.733248516,0.93997499,0.263531039,1
3,13,49,0.735368957,0.791579825,0.061732665,1
3,153,49,0.699321459,0.731137974,0.024900571,1
1,1,34,0.826547922,0.972905377,0.171364344,0
11,106,3,0.27014419,0.312213422,0.029396507,0
16,107,228,0.595419847,0.764485202,0.241397199,1
0,28,33,0.699745547,0.722801167,0.163928757,0
3,59,107,0.60178117,0.814506044,0.264222722,1
4,41,107,0.765055131,0.958732805,0.213211136,1
12,93,30,0.510602205,0.592330138,0.044613522,0
11,13,8,0.296437659,0.346394331,0.048244856,0
4,77,35,0.849872774,0.919966653,0.192633581,1
6,8,15,0.010178117,0.26219258,0.292581705,0
3,14,60,0.909245123,0.935389746,0.022479682,1
11,151,15,0.260390161,0.335139642,0.063634792,1
3,11,79,0.360050891,0.543559817,0.196783676,0
2,40,38,0.611959288,0.729053772,0.20058793,1
11,35,179,0.765055131,0.796165069,0.022133841,1
4,33,11,0.720525869,0.937890788,0.305723673,1
11,169,36,0.645462256,0.67903293,0.042019713,1
4,19,36,0.441051739,0.514380992,0.166003804,1
12,79,30,0.254028838,0.311796582,0.08784368,0
3,2,107,0.211620017,0.33305544,0.128134186,0
5,38,6,0.256149279,0.335973322,0.105654505,0
7,32,7,0.720525869,0.771988328,0.063980633,1
0,7,13,0.311280746,0.350979575,0.047726094,0
1,9,59,0.617896522,0.629428929,0.038215459,1
4,44,4,0.872349449,0.977907461,0.220300882,0
5,5,6,0.639949109,0.691121301,0.063980633,1
13,38,15,0.513146735,0.514797832,0.046169808,0
11,9,239,0.721374046,0.758232597,0.05222203,1
3,11,38,0.739609839,0.883284702,0.166176725,1
5,43,85,0.787955895,0.883284702,0.161507868,0
0,7,6,0.606022053,0.799082951,0.271139547,1
4,33,4,0.784139101,0.979991663,0.208542279,0
6,8,49,0.423664122,0.513130471,0.144907487,1
0,80,3,0.783290925,0.899124635,0.424001383,0
11,81,8,0.654792197,0.752813672,0.139201107,1
11,13,86,0.476675148,0.520633597,0.054124157,0
11,34,36,0.430025445,0.543559817,0.086979077,0
17,62,47,0.72264631,0.729887453,0.023171364,0
3,50,54,0.254028838,0.339308045,0.127096663,0
3,83,38,0.807463953,0.883284702,0.139201107,1
0,40,20,0.739609839,0.849103793,0.266643611,1
6,8,56,0.485156913,0.514380992,0.017292063,0
0,30,0,0.690839695,0.020425177,0.438526716,1
2,3,12,0.641645462,0.687786578,0.064845236,1
11,217,14,0.296437659,0.346811171,0.128307107,1
3,13,8,0.860474979,0.893705711,0.048244856,0
5,44,52,0.870229008,0.919966653,0.114300536,0
11,331,33,0.31043257,0.374739475,0.021269237,0
5,55,39,0.688719254,0.761150479,0.086460315,0
3,118,11,0.680237489,0.685285536,0.076430918,1
11,255,33,0.645886344,0.680700292,0.01936711,0
13,19,82,0.775657337,0.898290955,0.155974408,1
14,158,41,0.387616624,0.503126303,0.172747709,0
11,187,36,0.743850721,0.808670279,0.086806156,0
12,35,197,0.905004241,0.94080867,0.046169808,0
3,11,64,0.215860899,0.301792414,0.064499395,0
11,169,36,0.648854962,0.685285536,0.042019713,0
8,204,39,0.64461408,0.708211755,0.061732665,1
15,20,14,0.693808312,0.766569404,0.152688916,1
7,3,6,0.691687871,0.810337641,0.188829327,1
3,41,3,0.858354538,0.927052939,0.107556632,1
3,28,26,0.656912638,0.674864527,0.072972506,1
3,123,81,0.652671756,0.676948729,0.023171364,1
3,11,64,0.809584394,0.885368904,0.064499395,1
14,126,38,0.563613232,0.647769904,0.125886218,1
4,17,49,0.74173028,0.843684869,0.383710877,1
3,33,63,0.468193384,0.514380992,0.058965935,0
6,33,1,0.739609839,0.84576907,0.159951582,0
7,17,49,0.260390161,0.353063777,0.383710877,0
3,62,189,0.527565734,0.556065027,0.032336158,0
3,14,63,0.260390161,0.391413089,0.34065364,1
4,118,44,0.444020356,0.510212589,0.076776759,0
4,19,16,0.489397795,0.636098374,0.165657963,1
4,27,39,0.259541985,0.398916215,0.173439391,0
0,39,33,0.564461408,0.605669029,0.128134186,1
11,1,208,0.555131467,0.601917466,0.061732665,0
3,22,8,0.430025445,0.472696957,0.03579457,0
16,81,25,0.296437659,0.38140892,0.054469998,1
1,218,12,0.694656489,0.768653606,0.106692028,1
2,9,79,0.574215437,0.644435181,0.095452187,0
4,5,6,0.508481764,0.555231346,0.063980633,0
13,26,43,0.482188295,0.607753231,0.127269583,1
1,9,99,0.729007634,0.770320967,0.071762061,1
12,9,316,0.466072943,0.500625261,0.020058793,0
11,54,2,0.270992366,0.341392247,0.062943109,1
11,41,128,0.467769296,0.519799917,0.080235172,1
1,33,2,0.35793045,0.592746978,0.260418468,0
4,42,51,0.861747243,0.895373072,0.03026111,1
3,41,33,0.941051739,0.043351396,0.099083521,0
4,37,4,0.393129771,0.465610671,0.072280823,1
5,21,6,0.743850721,0.8812005,0.144907487,1
4,0,4,0.381255301,0.469779075,0.188483486,1
4,43,15,0.606022053,0.671946644,0.121736123,1
4,21,49,0.763358779,0.836181742,0.256787135,1
3,22,63,0.911365564,0.958315965,0.039080062,1
13,126,6,0.351569126,0.431429762,0.125021615,1
5,32,44,0.466072943,0.514797832,0.043403078,0
3,2,49,0.343087362,0.376823677,0.103579457,0
4,80,4,0.304919423,0.38057524,0.170845582,1
3,112,35,0.483036472,0.514380992,0.028186063,1
7,17,79,0.593299406,0.716131722,0.179837455,1
12,55,19,0.86259542,0.925385577,0.066920284,1
7,0,0,0.813825276,0.924968737,0.179145772,1
1,17,40,0.353689567,0.501875782,0.417949161,0
5,134,43,0.511450382,0.599416424,0.138163583,1
0,44,14,0.608142494,0.718215923,0.224105136,0
3,5,38,0.775657337,0.854105877,0.126232059,1
11,21,16,0.612807464,0.753647353,0.12640498,0
1,9,30,0.467769296,0.543142976,0.097700156,1
2,52,79,0.511450382,0.59524802,0.134186408,0
15,39,20,0.565733673,0.682367653,0.11533806,1
14,22,176,0.566157761,0.598582743,0.029050666,1
4,35,4,0.695928753,0.772405169,0.165485042,1
7,32,33,0.33884648,0.429762401,0.298288086,0
6,62,129,0.563613232,0.851604835,0.412934463,1
3,112,12,0.724766751,0.837432263,0.11533806,0
0,33,49,0.551738762,0.589412255,0.03579457,1
9,175,202,0.304919423,0.386827845,0.211136089,1
8,127,39,0.296437659,0.397665694,0.085941553,0
5,55,104,0.321458863,0.44018341,0.171883106,1
11,129,4,0.517811705,0.564401834,0.061213903,1
1,32,108,0.394402036,0.553147145,0.287739927,0
1,41,2,0.593299406,0.77323885,0.215632025,0
10,79,0,0.739609839,0.800333472,0.040982189,1
3,89,63,0.444868533,0.516465194,0.0989106,0
4,20,87,0.6942324,0.74989579,0.057409649,1
5,54,15,0.764631043,0.810337641,0.064672315,1
3,112,40,0.909245123,0.939558149,0.222030088,1
8,20,181,0.614503817,0.64318466,0.009337714,1
11,21,2,0.896522477,0.932471863,0.052740792,1
12,43,19,0.400339271,0.474364318,0.069514093,1
11,30,227,0.776505513,0.807836599,0.040290507,0
8,212,39,0.6043257,0.670696123,0.06311603,1
3,14,15,0.934690416,0.966652772,0.102541933,0
2,3,64,0.938931298,0.01208837,0.139201107,1
4,44,39,0.25826972,0.336390163,0.072626664,0
5,77,16,0.909669211,0.972071697,0.07954349,0
3,42,87,0.913486005,0.001667361,0.140584472,1
9,172,49,0.519932146,0.556898708,0.196091994,1
3,22,63,0.595419847,0.63109629,0.039080062,1
3,7,37,0.487277354,0.54772822,0.032336158,0
3,33,54,0.786259542,0.839516465,0.053259554,0
3,30,67,0.391857506,0.435181326,0.051357427,0
3,74,33,0.254028838,0.314297624,0.246066056,1
3,11,64,0.807463953,0.887453105,0.064499395,1
7,32,0,0.519932146,0.566069195,0.029569428,1
15,7,117,0.606022053,0.639433097,0.029742348,1
4,7,44,0.616624258,0.799916632,0.224105136,0
3,26,19,0.911365564,0.003751563,0.07141622,1
0,1,15,0.723070399,0.767403085,0.052740792,1
11,258,4,0.558524173,0.711963318,0.184333391,0
1,9,14,0.76293469,0.79783243,0.114127615,1
4,21,42,0.345631891,0.431429762,0.2087152,1
1,17,3,0.476675148,0.605669029,0.442158049,0
0,21,56,0.824427481,0.92830346,0.295694276,0
5,5,30,0.934266327,0.974155898,0.065018157,1
4,20,14,0.744274809,0.802834514,0.152688916,0
7,17,79,0.649703138,0.771571488,0.179837455,0
4,22,8,0.638252757,0.676115048,0.03579457,1
0,9,14,0.515691264,0.550646103,0.114127615,1
13,19,258,0.785411366,0.922467695,0.145080408,1
14,105,38,0.914334182,0.010837849,0.149749265,1
11,19,248,0.68235793,0.724468529,0.063461871,1
3,21,33,0.563613232,0.629012088,0.148538821,1
0,55,41,0.351569126,0.478115882,0.179664534,0
15,96,4,0.700593723,0.730721134,0.025246412,0
4,21,53,0.423664122,0.505210504,0.280650182,1
3,26,84,0.767175573,0.839516465,0.110842123,1
4,19,3,0.735368957,0.79783243,0.248141103,0
11,86,4,0.266751484,0.382659441,0.163928757,0
2,1,63,0.856234097,0.959566486,0.215632025,1
11,148,1,0.254028838,0.295539808,0.033719523,0
1,33,33,0.642493639,0.763651521,0.144042884,1
1,25,38,0.740458015,0.982492705,0.328895037,1
8,5,11,0.731128075,0.760316799,0.092166695,0
4,19,41,0.728159457,0.851604835,0.170845582,1
5,43,137,0.81764207,0.893705711,0.193325264,1
0,59,3,0.572519084,0.636932055,0.072280823,0
1,55,12,0.470313825,0.556898708,0.123984091,0
11,138,33,0.343935539,0.35764902,0.057063808,1
0,105,14,0.778201866,0.851604835,0.183641708,1
3,97,62,0.64206955,0.685285536,0.140584472,0
3,33,56,0.215860899,0.303876615,0.139201107,0
3,97,87,0.260390161,0.308045019,0.051530348,0
3,39,27,0.815945717,0.92913714,0.145253329,1
11,266,4,0.25826972,0.29720717,0.023344285,1
11,8,36,0.807463953,0.91704877,0.114127615,0
13,318,15,0.731976251,0.727803251,0.031817396,1
4,19,35,0.609414758,0.641100459,0.037696697,1
11,187,36,0.565733673,0.633180492,0.086806156,0
1,9,41,0.936810857,0.979157982,0.084039426,0
7,32,7,0.212044105,0.264693622,0.063980633,1
2,22,14,0.775657337,0.969153814,0.206294311,1
14,2,40,0.896522477,0.937473947,0.142486599,0
3,26,61,0.807463953,0.8812005,0.125713298,1
3,2,62,0.302798982,0.431012922,0.149749265,1
0,43,14,0.307039864,0.425593997,0.239840913,0
3,37,79,0.720525869,0.812421842,0.111533806,1
13,262,4,0.77480916,0.801167153,0.01919419,1
7,26,43,0.725614928,0.849520634,0.127269583,1
0,55,6,0.309160305,0.351813256,0.029569428,0
12,43,16,0.830364716,0.924968737,0.105827425,1
5,5,82,0.900763359,0.96415173,0.085595712,1
8,219,39,0.254028838,0.340558566,0.083001902,0
1,1,38,0.35793045,0.546060859,0.221511326,0
5,328,34,0.563613232,0.638599416,0.116202663,0
17,62,47,0.563613232,0.590662776,0.023171364,0
8,12,7,0.569974555,0.633180492,0.049109459,0
0,55,27,0.472434266,0.587744894,0.167387169,1
2,14,14,0.525869381,0.605252188,0.208542279,0
1,9,55,0.529262087,0.516882034,0.018156666,1
7,32,12,0.228583545,0.343893289,0.158568217,0
3,48,63,0.527565734,0.641517299,0.247449421,0
0,37,0,0.254028838,0.397665694,0.196783676,0
12,17,103,0.520780322,0.563151313,0.040982189,1
6,44,1,0.302798982,0.422676115,0.406190559,1
4,12,51,0.254028838,0.383493122,0.201452533,0
4,2,15,0.699745547,0.844518549,0.148538821,1
0,33,15,0.513570823,0.757815757,0.296558879,1
8,44,160,0.898642918,0.972071697,0.105827425,0
3,89,40,0.381255301,0.431012922,0.079370569,1
11,1,156,0.900763359,0.962484368,0.072626664,1
4,33,4,0.404580153,0.602334306,0.208542279,1
11,9,198,0.608566582,0.683618174,0.114646377,0
3,11,26,0.786259542,0.841600667,0.065018157,0
5,26,34,0.394402036,0.518966236,0.127096663,0
3,126,62,0.820186599,0.810337641,0.038042538,1
3,3,64,0.273112807,0.374739475,0.139201107,0
9,128,65,0.736641221,0.798249271,0.084731108,0
15,7,148,0.847752332,0.889537307,0.069168252,0
11,93,15,0.254028838,0.296790329,0.024900571,0
1,9,44,0.686598813,0.756982076,0.110150441,1
3,0,107,0.302798982,0.38099208,0.177762407,1
5,20,147,0.388888889,0.426010838,0.030779872,1
3,48,84,0.256149279,0.353897457,0.168597614,0
3,112,63,0.898642918,0.918716132,0.171364344,1
4,20,34,0.514843087,0.585243852,0.089054124,1
7,104,34,0.521204411,0.593163818,0.119833996,1
3,42,120,0.896522477,0.981242184,0.191423137,0
0,30,63,0.256997455,0.33388912,0.107556632,0
3,41,33,0.900763359,0.001667361,0.099083521,1
6,8,21,0.820186599,0.850354314,0.033719523,1
1,25,56,0.951653944,0.974989579,0.103925298,0
4,33,43,0.33884648,0.67861609,0.42296386,0
3,2,129,0.892281595,0.935389746,0.158914058,1
1,113,34,0.68490246,0.794914548,0.173958153,1
3,54,87,0.656912638,0.793664027,0.16219955,1
12,17,20,0.616624258,0.676948729,0.034411205,0
5,28,34,0.531382528,0.607753231,0.109112917,1
3,9,27,0.446988974,0.508128387,0.065191077,0
6,141,1,0.649703138,0.726969571,0.199031644,1
14,9,27,0.863019508,0.919549812,0.065191077,0
3,82,63,0.442748092,0.49979158,0.053432474,0
1,28,2,0.296437659,0.312630263,0.081964378,0
3,3,37,0.733248516,0.795748228,0.163237074,1
0,41,33,0.397370653,0.513964152,0.099083521,0
6,41,1,0.574215437,0.689453939,0.186408439,0
11,2,190,0.567854114,0.679866611,0.092339616,0
4,118,39,0.21798134,0.256773656,0.022133841,0
1,146,12,0.526717557,0.837432263,0.323534498,1
3,41,37,0.523324852,0.645685702,0.146982535,1
8,171,7,0.698473282,0.791579825,0.097008473,0
4,26,63,0.27735369,0.396832013,0.245547294,0
11,33,56,0.858354538,0.938307628,0.139201107,1
12,9,235,0.938931298,0.922050855,0.020404634,0
11,100,33,0.733248516,0.758649437,0.078505966,1
16,34,56,0.510602205,0.561067111,0.077814283,0
7,17,8,0.81043257,0.931221342,0.42296386,0
17,75,93,0.400339271,0.518549396,0.419851288,0
6,22,1,0.639949109,0.731137974,0.144907487,0
12,43,107,0.569974555,0.640266778,0.148538821,1
4,21,39,0.686598813,0.802834514,0.098564759,0
3,11,82,0.313401187,0.389328887,0.018675428,0
2,35,38,0.867684478,0.973322218,0.160470344,1
8,160,39,0.575487701,0.637348895,0.062078506,1
13,41,229,0.869804919,0.968320133,0.070724537,1
8,173,7,0.438507209,0.482701125,0.065536919,1
1,1,8,0.635708227,0.689453939,0.260418468,0
11,35,52,0.745547074,0.756565236,0.035967491,0
11,125,14,0.575487701,0.715298041,0.134878091,1
3,95,33,0.300678541,0.426844519,0.142659519,0
4,46,39,0.22264631,0.263443101,0.026975618,0
4,33,19,0.94317218,0.25052105,0.382154591,1
4,20,14,0.609838846,0.676531888,0.152688916,0
7,55,38,0.782866836,0.89245519,0.157011932,1
2,41,15,0.813825276,0.977490621,0.243991008,1
13,172,4,0.522476675,0.565235515,0.043403078,0
13,21,224,0.347328244,0.385577324,0.025073491,1
1,35,19,0.648006785,0.712796999,0.081618537,0
3,11,132,0.688719254,0.764485202,0.04392184,1
3,14,125,0.442748092,0.478949562,0.042192634,1
6,33,1,0.296437659,0.397665694,0.159951582,0
4,41,39,0.470313825,0.711546478,0.301573578,0
11,148,36,0.727735369,0.815339725,0.089399965,1
11,153,3,0.340542833,0.39308045,0.067784887,1
0,30,44,0.351569126,0.684868695,0.430918209,1
7,1,43,0.259966073,0.399333055,0.172920629,1
12,38,43,0.522052587,0.59566486,0.078505966,0
1,35,92,0.955894826,0.982492705,0.034584126,1
7,134,34,0.51187447,0.59524802,0.139028186,1
11,108,270,0.321034775,0.350979575,0.009337714,1
7,33,43,0.340966921,0.682784494,0.42296386,0
11,114,33,0.385920271,0.431012922,0.125021615,0
4,33,38,0.438507209,0.763651521,0.378523258,1
6,365,362,0.521204411,0.522717799,0.101504409,1
12,134,34,0.480491942,0.561900792,0.139028186,0
3,125,37,0.724766751,0.83326386,0.099083521,1
4,77,12,0.35793045,0.435598166,0.097700156,0
0,3,33,0.684478372,0.753230513,0.262320595,0
4,19,12,0.783715013,0.918299291,0.121390282,1
5,51,34,0.569974555,0.64235098,0.105827425,1
6,42,1,0.296437659,0.419341392,0.430745288,0
1,35,79,0.703138253,0.815339725,0.189866851,1
0,55,15,0.860474979,0.897874114,0.119315234,1
16,107,9,0.354537744,0.392246769,0.040117586,1
8,159,39,0.2985581,0.421425594,0.099948124,0
4,19,39,0.692960136,0.839099625,0.156839011,1
6,3,1,0.779898219,0.920383493,0.436624589,0
1,22,12,0.254028838,0.541475615,0.297077641,0
3,39,135,0.824427481,0.922884535,0.079197648,1
0,7,61,0.606022053,0.637348895,0.01919419,1
1,33,13,0.773960984,0.982909546,0.283762753,0
4,19,34,0.596692112,0.759483118,0.235172056,0
11,30,67,0.60178117,0.644018341,0.051357427,1
2,37,27,0.780322307,0.88036682,0.079370569,1
3,82,54,0.686598813,0.726969571,0.059138855,1
3,41,24,0.389737065,0.42892872,0.051703268,0
11,21,82,0.402459712,0.480200083,0.018675428,1
3,2,54,0.574215437,0.641517299,0.160470344,1
13,126,15,0.234944869,0.257190496,0.040636348,0
0,55,41,0.76293469,0.879949979,0.179664534,0
8,20,89,0.315521628,0.35723218,0.031817396,0
4,20,41,0.519083969,0.592746978,0.098737679,0
11,79,30,0.76547922,0.841600667,0.08784368,1
9,91,22,0.911789652,0.96373489,0.06864949,0
13,21,198,0.527565734,0.644435181,0.108075393,1
11,33,36,0.807039864,0.917465611,0.097008473,1
11,160,4,0.683630195,0.751979992,0.150613868,0
4,21,4,0.430025445,0.521884118,0.133667647,1
8,5,18,0.818066158,0.852438516,0.136088535,1
7,77,43,0.402459712,0.518132555,0.183295867,0
4,19,107,0.820186599,0.881617341,0.090091648,1
8,20,243,0.559796438,0.604835348,0.062078506,1
3,59,84,0.775657337,0.972905377,0.222030088,1
1,35,87,0.436386768,0.482701125,0.065709839,0
7,17,33,0.851993215,0.934139225,0.276154245,0
2,35,38,0.771416455,0.877865777,0.160470344,0
5,1,7,0.305343511,0.458107545,0.155974408,1
4,20,43,0.936810857,0.002501042,0.088535362,0
0,80,33,0.690839695,0.767819925,0.272868753,1
2,55,76,0.771416455,0.849937474,0.106519108,0
9,288,86,0.682782019,0.687786578,0.092685457,1
11,18,15,0.25826972,0.255106294,0.018675428,0
0,37,33,0.654792197,0.72655273,0.17862701,0
11,7,148,0.776505513,0.835348062,0.069168252,0
0,33,15,0.466072943,0.710295957,0.296558879,0
7,3,6,0.355810008,0.470195915,0.188829327,0
4,54,4,0.768023749,0.814506044,0.074528791,0
0,225,33,0.260390161,0.339724885,0.112398409,0
8,5,123,0.532230704,0.593163818,0.065536919,1
0,32,0,0.441475827,0.503126303,0.029569428,0
5,18,15,0.826123834,0.83326386,0.018675428,0
3,41,37,0.637828668,0.802000834,0.146982535,1
4,77,30,0.296437659,0.418924552,0.192979422,0
7,33,3,0.811280746,0.849937474,0.053259554,1
15,7,29,0.397794741,0.423926636,0.156839011,1
6,269,118,0.86259542,0.89287203,0.063980633,0
14,48,41,0.824427481,0.97665694,0.199550406,1
5,9,123,0.529262087,0.561483952,0.028186063,0
1,35,135,0.98346056,0.004168404,0.011412762,1
8,20,173,0.393977947,0.426844519,0.070551617,1
3,43,107,0.743850721,0.810337641,0.148538821,1
1,33,11,0.720525869,0.94039183,0.305723673,0
11,19,244,0.947413062,0.97582326,0.111533806,0
11,35,66,0.35793045,0.41725719,0.107556632,0
15,117,14,0.78201866,0.848686953,0.07954349,1
13,19,5,0.641645462,0.672363485,0.025246412,1
4,33,4,0.510602205,0.716131722,0.208542279,0
11,48,4,0.25826972,0.378074198,0.142486599,0
13,72,15,0.273536896,0.350979575,0.096662632,0
6,248,118,0.483036472,0.514380992,0.040117586,0
0,55,41,0.860050891,0.974989579,0.179664534,1
4,146,4,0.695928753,0.893705711,0.20041501,0
12,17,236,0.522900763,0.55981659,0.029396507,0
13,21,330,0.695080577,0.765735723,0.031817396,0
2,21,33,0.892281595,0.937057107,0.148538821,0
3,4,87,0.824427481,0.972905377,0.204046343,1
0,74,10,0.527565734,0.585660692,0.051357427,0
5,43,6,0.635708227,0.673614006,0.026802698,1
11,105,2,0.729007634,0.766569404,0.102541933,1
11,226,1,0.739609839,0.769487286,0.02472765,0
1,32,8,0.313825276,0.465193831,0.446481065,0
4,19,1,0.520780322,0.604835348,0.282033547,1
8,20,219,0.481764207,0.546477699,0.223586374,0
15,74,34,0.932569975,0.965402251,0.034584126,1
11,2,119,0.863867684,0.889537307,0.01660038,1
12,35,224,0.423664122,0.42892872,0.044613522,0
11,33,348,0.6043257,0.643601501,0.039252983,1
11,2,85,0.735368957,0.877032097,0.145772091,1
0,7,3,0.807463953,0.885368904,0.277710531,1
8,46,7,0.438083121,0.482284285,0.050146983,0
0,141,33,0.567854114,0.60691955,0.055334601,1
4,20,51,0.767175573,0.843684869,0.107383711,1
7,17,51,0.890161154,0.001250521,0.183295867,1
3,54,11,0.304919423,0.353897457,0.079889331,0
3,27,62,0.909245123,0.005835765,0.163064154,0
3,2,86,0.385496183,0.433097124,0.141276154,1
11,301,4,0.615351993,0.726969571,0.090264569,0
17,178,81,0.635708227,0.640266778,0.012623206,1
12,181,12,0.610262935,0.669445602,0.063980633,0
11,2,208,0.563613232,0.673197165,0.084212347,0
1,17,38,0.811704835,0.930387662,0.158222376,1
5,35,0,0.553011026,0.626094206,0.079370569,1
11,299,206,0.787107718,0.80908712,0.010029397,0
1,17,12,0.783715013,0.888703627,0.12640498,1
0,77,14,0.616624258,0.686952897,0.161680789,1
3,4,49,0.529686175,0.562317632,0.179491613,0
11,48,1,0.550890585,0.635264694,0.287912848,0
0,21,185,0.659457167,0.708211755,0.01383365,0
0,2,63,0.816369805,0.886202584,0.099083521,0
0,62,33,0.890161154,0.26219258,0.57686322,0
3,28,12,0.345207803,0.395581492,0.069687014,0
17,62,47,0.351569126,0.381825761,0.023171364,0
1,128,12,0.254028838,0.27386411,0.023344285,1
1,3,12,0.389737065,0.436848687,0.064845236,0
5,21,2,0.381255301,0.435181326,0.052740792,0
4,0,44,0.483036472,0.59566486,0.166522566,1
3,11,120,0.909245123,0.018340975,0.140584472,1
0,2,1,0.396946565,0.473947478,0.172056026,1
15,41,23,0.304919423,0.380158399,0.0989106,1
4,113,7,0.48346056,0.585243852,0.143178281,1
1,9,148,0.702290076,0.731971655,0.111533806,1
1,1,30,0.362171332,0.471029596,0.086287394,0
3,14,197,0.468193384,0.508128387,0.042884316,0
13,21,166,0.488549618,0.603584827,0.10427114,1
7,59,43,0.557251908,0.893705711,0.417949161,1
5,55,32,0.865564037,0.895789912,0.031125713,1
1,9,34,0.521204411,0.599416424,0.126750821,0
11,9,50,0.896098388,0.927052939,0.030952793,0
1,9,31,0.436386768,0.476865361,0.058274252,0
1,1,38,0.522900763,0.689037099,0.221511326,1
3,75,86,0.608142494,0.66652772,0.059138855,0
0,7,38,0.401611535,0.543559817,0.142659519,0
5,43,6,0.678117048,0.723218008,0.026802698,1
2,80,64,0.764206955,0.848270113,0.16202663,1
9,128,65,0.553011026,0.599833264,0.084731108,1
0,82,15,0.469889737,0.711546478,0.293446308,0
4,28,4,0.254028838,0.303459775,0.126577901,1
5,28,51,0.262510602,0.383493122,0.171364344,0
1,22,19,0.957167091,0.256356815,0.345322497,0
3,4,35,0.72264631,0.754064193,0.037696697,0
12,67,30,0.275233249,0.377657357,0.048763617,1
3,11,49,0.64206955,0.712380158,0.257997579,1
11,193,33,0.473282443,0.518549396,0.113608854,1
1,33,3,0.433418151,0.481033764,0.053259554,1
11,2,152,0.401187447,0.509795748,0.078505966,1
5,43,7,0.720525869,0.759899958,0.031990316,1
11,30,186,0.868532655,0.92913714,0.074874633,0
0,1,14,0.345207803,0.459358066,0.173785233,1
3,12,62,0.695080577,0.756148395,0.129344631,0
15,7,7,0.60178117,0.759483118,0.203873422,1
3,14,32,0.911365564,0.960400167,0.060176379,1
17,62,105,0.644189992,0.667361401,0.012277365,0
5,54,6,0.478795589,0.637348895,0.212173612,0
4,19,68,0.697201018,0.768236765,0.113435933,1
1,26,12,0.520780322,0.599416424,0.031990316,0
8,79,44,0.25826972,0.307211338,0.052913713,0
4,3,63,0.434266327,0.506877866,0.314715546,1
4,20,96,0.304919423,0.34514381,0.039425904,0
0,41,15,0.561916879,0.772822009,0.243991008,0
11,76,33,0.35793045,0.51229679,0.167214249,0
1,141,12,0.260390161,0.463526469,0.21442158,1
14,126,33,0.830364716,0.85660692,0.179837455,1
4,20,11,0.950381679,0.963318049,0.051703268,0
1,3,12,0.85538592,0.897874114,0.064845236,1
1,33,38,0.402459712,0.729053772,0.378523258,0
1,9,7,0.729431722,0.79783243,0.089572886,1
4,26,4,0.259966073,0.339724885,0.104098219,1
7,43,38,0.296437659,0.397248854,0.1592599,0
6,8,8,0.381255301,0.480616924,0.159951582,0
2,118,44,0.737489398,0.799916632,0.076776759,1
6,8,0,0.654792197,0.982492705,0.410340654,0
3,112,12,0.777777778,0.889537307,0.11533806,0
1,33,12,0.726039016,0.007919967,0.331661767,1
8,20,212,0.85793045,0.890787828,0.092166695,1
8,20,18,0.553011026,0.564818674,0.079370569,0
9,86,49,0.768447837,0.792413506,0.176206121,0
3,39,40,0.567854114,0.641517299,0.264222722,0
0,7,0,0.828668363,0.008336807,0.237074183,0
0,80,15,0.521204411,0.599416424,0.188656407,0
8,97,7,0.516115352,0.566069195,0.056545046,1
13,71,4,0.427056828,0.46394331,0.022306761,1
5,53,34,0.811280746,0.857857441,0.074701712,0
6,107,63,0.998303647,0.258024177,0.436278748,0
11,21,153,0.430025445,0.503959983,0.090437489,1
11,21,120,0.593299406,0.720300125,0.141794916,1
1,8,91,0.826547922,0.892038349,0.099602283,1
11,67,2,0.744274809,0.796581909,0.034411205,1
1,43,2,0.692960136,0.767403085,0.171364344,1
4,80,15,0.567854114,0.645685702,0.188656407,0
3,11,33,0.508481764,0.560233431,0.149749265,0
1,19,12,0.236217133,0.376823677,0.121390282,0
9,212,131,0.89821883,0.97665694,0.161853709,1
4,52,39,0.469041561,0.513547311,0.039425904,0
3,13,176,0.860474979,0.895789912,0.052567871,1
1,9,8,0.849872774,0.918716132,0.331661767,1
13,193,15,0.469889737,0.510212589,0.04132803,1
3,59,33,0.309160305,0.437265527,0.142486599,1
7,10,79,0.254028838,0.338057524,0.11257133,0
0,2,41,0.425784563,0.64276782,0.272868753,0
2,33,4,0.53307888,0.751979992,0.208542279,0
0,55,36,0.381255301,0.518132555,0.335466021,1
0,3,33,0.25826972,0.338057524,0.262320595,1
4,19,7,0.352417303,0.507711546,0.201106692,1
11,21,148,0.636556404,0.69028762,0.09614387,0
14,75,33,0.858778626,0.981242184,0.160470344,0
3,142,38,0.678117048,0.793664027,0.180529137,1
3,145,12,0.78201866,0.874947895,0.052394951,1
4,22,15,0.347328244,0.58357649,0.256787135,1
10,7,248,0.686598813,0.724468529,0.047034411,0
0,21,110,0.423664122,0.514797832,0.199896248,0
4,19,35,0.78201866,0.814506044,0.037696697,1
0,22,33,0.480916031,0.592746978,0.103579457,0
4,21,34,0.775657337,0.889954148,0.121736123,1
3,54,11,0.74173028,0.799916632,0.079889331,0
3,0,87,0.743850721,0.84576907,0.154936884,0
4,20,0,0.570822731,0.636515215,0.086460315,1
0,55,14,0.406276506,0.544393497,0.237074183,1
2,14,30,0.807463953,0.852021676,0.065709839,0
4,21,41,0.349448685,0.506461025,0.188656407,1
1,9,64,0.68235793,0.731554815,0.085941553,0
4,5,4,0.491094148,0.601083785,0.201106692,0
4,19,87,0.277777778,0.44060025,0.205429708,1
11,274,33,0.512722646,0.646936223,0.163928757,0
4,41,3,0.341391009,0.421008754,0.107556632,1
4,21,19,0.86726039,0.973739058,0.106692028,1
3,36,49,0.478795589,0.508128387,0.179837455,1
1,1,129,0.769720102,0.842017507,0.267335293,0
1,165,12,0.744274809,0.843268028,0.055853363,0
10,26,0,0.811704835,0.932055023,0.124329933,1
0,0,14,0.780322307,0.847853272,0.16202663,1
11,30,57,0.353689567,0.422676115,0.051876189,1
3,82,36,0.383375742,0.478949562,0.096662632,1
3,41,66,0.514843087,0.643601501,0.174303994,0
11,19,179,0.476675148,0.604418508,0.141276154,0
3,26,18,0.909245123,0.960400167,0.062597268,0
0,2,154,0.73452078,0.838265944,0.096835552,0
3,2,11,0.224342663,0.355981659,0.17032682,0
3,2,86,0.402459712,0.462275948,0.141276154,0
0,55,70,0.321458863,0.433513964,0.293273388,0
12,97,34,0.220101781,0.26219258,0.019712952,0
1,9,81,0.466072943,0.673614006,0.773473975,1
8,20,116,0.363867684,0.387244685,0.052567871,1
12,52,34,0.805343511,0.847019591,0.045478126,1
3,9,38,0.466072943,0.51229679,0.064845236,0
12,17,89,0.60178117,0.686952897,0.119142314,1
7,40,38,0.913486005,0.021675698,0.20058793,1
11,58,15,0.262510602,0.314297624,0.122600726,0
3,11,13,0.362171332,0.460191747,0.137644821,0
3,22,37,0.697201018,0.883284702,0.179491613,1
11,25,154,0.569974555,0.718632764,0.160124503,0
8,20,92,0.319762511,0.389328887,0.052913713,0
2,9,135,0.474130619,0.543976657,0.09078333,0
11,33,100,0.353689567,0.424760317,0.064153554,0
14,2,8,0.941051739,0.980408504,0.144042884,0
0,74,40,0.767175573,0.854105877,0.38457548,1
3,110,49,0.818066158,0.847853272,0.033546602,1
1,43,4,0.349448685,0.482284285,0.235172056,0
8,5,10,0.523324852,0.564401834,0.049109459,0
12,9,202,0.63740458,0.676948729,0.127269583,0
11,7,355,0.396098388,0.463526469,0.067957807,1
3,22,24,0.472434266,0.558149229,0.079024728,0
3,2,67,0.654792197,0.71446436,0.141967837,0
6,248,118,0.729007634,0.758232597,0.040117586,0
3,62,93,0.529686175,0.556065027,0.012623206,1
3,84,93,0.684478372,0.710295957,0.029742348,1
12,165,12,0.659457167,0.758232597,0.055853363,1
3,62,189,0.466072943,0.481033764,0.032336158,0
2,0,205,0.518659881,0.625260525,0.192114819,1
3,3,33,0.815945717,0.891621509,0.262320595,0
4,33,49,0.78201866,0.83326386,0.03579457,0
1,21,12,0.340966921,0.458107545,0.099775203,1
3,14,10,0.784139101,0.835348062,0.04392184,1
5,53,44,0.228159457,0.295956649,0.058101331,0
3,3,62,0.39821883,0.466444352,0.166176725,1
7,43,38,0.396098388,0.51187995,0.1592599,0
3,30,49,0.731128075,0.791579825,0.066574442,1
14,81,49,0.829092451,0.919966653,0.126923742,0
3,2,76,0.813825276,0.977073781,0.163928757,1
4,33,51,0.515691264,0.838682784,0.399965416,0
3,35,33,0.561492791,0.59566486,0.189175169,0
1,9,141,0.490245971,0.587744894,0.129863393,0
6,62,8,0.648430874,0.982909546,0.436970431,0
7,30,6,0.256573367,0.597332222,0.462562684,1
2,19,30,0.787955895,0.933722384,0.165485042,1
1,43,12,0.254028838,0.344310129,0.126750821,1
2,3,39,0.945292621,0.009170488,0.075912156,0
1,1,1,0.520356234,0.588578574,0.236901262,1
3,9,34,0.644189992,0.722801167,0.126750821,1
13,21,158,0.559372349,0.590662776,0.018329587,1
3,9,20,0.525445293,0.591496457,0.087324918,1
1,33,56,0.871501272,0.966235932,0.139201107,1
3,133,107,0.690839695,0.756148395,0.104616981,1
3,14,52,0.385496183,0.426844519,0.105827425,0
13,206,15,0.480067854,0.517715715,0.035448729,0
4,19,6,0.606022053,0.798249271,0.265087325,1
12,17,125,0.406276506,0.46394331,0.031125713,1
6,248,118,0.593299406,0.626927887,0.040117586,1
3,112,37,0.648430874,0.683201334,0.036313332,0
2,22,44,0.572094996,0.893705711,0.371260591,0
3,20,62,0.76293469,0.772822009,0.095970949,0
0,7,61,0.608142494,0.639016257,0.01919419,1
3,4,132,0.684478372,0.804085035,0.15389936,0
0,2,38,0.39821883,0.63109629,0.262320595,0
1,17,27,0.815945717,0.92913714,0.168770534,1
5,83,34,0.310856658,0.374739475,0.052913713,1
2,55,8,0.72264631,0.842851188,0.419332526,1
11,22,3,0.355810008,0.422676115,0.066574442,1
15,213,63,0.510178117,0.597332222,0.068476569,1
3,4,35,0.955894826,0.001667361,0.037696697,1
14,44,138,0.256149279,0.341392247,0.123292409,1
0,21,149,0.425784563,0.505627345,0.195919073,0
4,20,192,0.688719254,0.717382243,0.026975618,1
3,81,33,0.266751484,0.397665694,0.166349646,0
11,8,9,0.871077184,0.968320133,0.260072627,1
0,30,0,0.996183206,0.334305961,0.438526716,1
6,8,118,0.381255301,0.474781159,0.245374373,1
0,1,0,0.255725191,0.390996248,0.169289296,1
1,34,8,0.254028838,0.304293456,0.059484697,1
11,167,36,0.742578456,0.814506044,0.160124503,0
1,28,12,0.726039016,0.769904127,0.069687014,0
1,43,12,0.787955895,0.89287203,0.126750821,1
12,9,258,0.869380831,0.91663193,0.034238285,0
11,21,219,0.563613232,0.607753231,0.129863393,1
15,74,77,0.72519084,0.764485202,0.04392184,0
3,3,87,0.860474979,0.931221342,0.131073837,1
3,13,88,0.699321459,0.751979992,0.051011586,0
2,19,49,0.659033079,0.686119216,0.177416566,1
13,19,153,0.864291773,0.898707795,0.047553173,1
1,91,12,0.7014419,0.732388495,0.021442158,0
11,33,25,0.809584394,0.919132972,0.111533806,0
12,217,30,0.307039864,0.376823677,0.071589141,0
3,41,3,0.593299406,0.66652772,0.107556632,0
4,20,27,0.76547922,0.808670279,0.082656061,1
3,2,129,0.771416455,0.83326386,0.158914058,1
8,20,95,0.76293469,0.806169237,0.061732665,1
11,19,177,0.614503817,0.64276782,0.018156666,1
4,41,91,0.561068702,0.644018341,0.106864949,0
1,9,150,0.652671756,0.709045436,0.130209234,1
7,13,43,0.872773537,0.219674865,0.439218399,0
11,2,211,0.46692112,0.554397666,0.061559744,0
3,25,37,0.563613232,0.708211755,0.167733011,0
0,54,0,0.522900763,0.67861609,0.183814629,0
13,21,87,0.35793045,0.478115882,0.102369013,0
12,39,34,0.254028838,0.386827845,0.148538821,0
7,34,6,0.896946565,0.22634431,0.450804081,1
1,2,34,0.737489398,0.974572739,0.275116721,1
7,9,43,0.554283291,0.637348895,0.12640498,1
3,2,61,0.616624258,0.74989579,0.12899879,1
4,35,39,0.33884648,0.398916215,0.081445616,1
4,19,138,0.827820187,0.966652772,0.15372644,1
3,122,38,0.555131467,0.629012088,0.108248314,1
4,141,63,0.349448685,0.353063777,0.051703268,1
2,41,49,0.868956743,0.898707795,0.039080062,1
1,0,12,0.830364716,0.897457274,0.095452187,1
0,55,86,0.423664122,0.544810338,0.415874114,1
9,259,252,0.826123834,0.898290955,0.20594847,1
1,35,34,0.601357082,0.670696123,0.081791458,1
0,270,0,0.005937235,0.172155065,0.269064499,0
3,4,27,0.890161154,0.007919967,0.153553519,1
1,1,63,0.777777778,0.814089204,0.215632025,0
7,25,43,0.997879559,0.254689454,0.339097354,0
14,41,44,0.024597116,0.303042935,0.353795608,1
4,35,4,0.64927905,0.71446436,0.165485042,0
2,33,33,0.602205259,0.72613589,0.144042884,0
3,22,121,0.656912638,0.812421842,0.12899879,1
4,44,49,0.402459712,0.513130471,0.371260591,0
1,41,12,0.309160305,0.58315965,0.269410341,0
1,1,12,0.645038168,0.770737807,0.151824313,0
3,112,26,0.688719254,0.758232597,0.110150441,1
4,27,39,0.64927905,0.795331388,0.173439391,0
0,33,38,0.444868533,0.759483118,0.378523258,0
0,2,28,0.485156913,0.54772822,0.073664188,0
11,110,33,0.384223919,0.516465194,0.141967837,0
4,77,205,0.743002545,0.852438516,0.191941899,1
4,44,39,0.651823579,0.720716965,0.072626664,1
9,114,49,0.86259542,0.917882451,0.232924088,1
1,32,2,0.610262935,0.709045436,0.189348089,0
3,142,87,0.646310433,0.685285536,0.044959364,1
1,204,12,0.6043257,0.641517299,0.033546602,0
4,59,39,0.907124682,0.211754898,0.354141449,0
5,35,0,0.807463953,0.8574406,0.079370569,0
13,122,15,0.603901612,0.64318466,0.118969393,0
11,87,33,0.651399491,0.708211755,0.057063808,1
7,40,0,0.701017812,0.85702376,0.273041674,1
14,7,49,0.863019508,0.91704877,0.206294311,0
13,20,107,0.474978796,0.51229679,0.094414664,0
4,72,4,0.345207803,0.394747812,0.051703268,0
4,77,44,0.275233249,0.392246769,0.170153899,1
1,0,12,0.266751484,0.342225927,0.095452187,0
14,13,49,0.861747243,0.917882451,0.061732665,0
4,20,63,0.690415606,0.79741559,0.301573578,0
11,35,15,0.309160305,0.314297624,0.03562165,0
3,9,51,0.936810857,0.001667361,0.097700156,1
0,40,0,0.559372349,0.719049604,0.273041674,1
4,30,63,0.720949958,0.79783243,0.107556632,1
1,33,47,0.699321459,0.854522718,0.427978558,0
0,55,8,0.860474979,0.970404335,0.419332526,1
3,28,41,0.72264631,0.804085035,0.158395297,1
2,3,2,0.614503817,0.718215923,0.221511326,0
3,142,87,0.574215437,0.63109629,0.044959364,1
1,1,12,0.262510602,0.41725719,0.151824313,1
12,55,92,0.85072095,0.922050855,0.09337714,1
11,105,2,0.297709924,0.338057524,0.102541933,1
0,2,0,0.400339271,0.637348895,0.272522912,1
3,65,49,0.851993215,0.889537307,0.058101331,0
4,32,15,0.521204411,0.591496457,0.144907487,0
1,9,86,0.388888889,0.436431847,0.32681999,1
13,21,154,0.404580153,0.46394331,0.04668857,0
14,9,79,0.471162002,0.546477699,0.095452187,1
1,35,6,0.983036472,0.045435598,0.10427114,1
12,43,85,0.442324003,0.545644018,0.161507868,1
16,81,1,0.805343511,0.813672363,0.017292063,1
4,102,4,0.656912638,0.74989579,0.105827425,0
11,88,3,0.31764207,0.350979575,0.08524987,0
11,2,130,0.470313825,0.558149229,0.068130728,0
16,19,1,0.720525869,0.806169237,0.282033547,0
11,7,52,0.777777778,0.883284702,0.165139201,1
10,21,120,0.769296014,0.890370988,0.141794916,0
5,28,44,0.441899915,0.513130471,0.096662632,1
4,19,42,0.47158609,0.481867445,0.090264569,1
1,1,49,0.76293469,0.805335556,0.219609199,0
11,21,318,0.485581001,0.562734473,0.091647934,0
0,77,0,0.690839695,0.802417674,0.182604185,1
12,35,182,0.900763359,0.924968737,0.007781428,0
7,17,61,0.899491094,0.015006253,0.257997579,1
11,13,40,0.262510602,0.308045019,0.067093204,1
16,148,1,0.315521628,0.374739475,0.033719523,0
15,7,138,0.612383376,0.75031263,0.136261456,1
12,17,45,0.468193384,0.509378908,0.042192634,1
11,162,36,0.559796438,0.599833264,0.05498876,1
11,21,30,0.35793045,0.458524385,0.03562165,0
9,100,49,0.478371501,0.507711546,0.185889677,1
5,55,2,0.732824427,0.810337641,0.169289296,0
1,3,12,0.809584394,0.855356398,0.064845236,1
0,2,3,0.856234097,0.91663193,0.16219955,1
8,20,218,0.856234097,0.886202584,0.01919419,0
1,25,3,0.340966921,0.379324719,0.098564759,1
7,113,34,0.481340119,0.59524802,0.173958153,1
2,55,38,0.866836302,0.975406419,0.157011932,1
16,187,1,0.777777778,0.793247186,0.06052222,0
3,11,107,0.487277354,0.541475615,0.03838838,1
11,33,66,0.562765055,0.767403085,0.224969739,0
3,2,110,0.858354538,0.897874114,0.085595712,1
4,72,4,0.254028838,0.299291371,0.051703268,1
7,33,3,0.427056828,0.478532722,0.053259554,1
4,20,76,0.559372349,0.605252188,0.068822411,0
12,66,30,0.405852417,0.471446436,0.059657617,0
4,44,4,0.211620017,0.30971238,0.220300882,0
1,5,12,0.431721798,0.503126303,0.089572886,0
5,55,99,0.557251908,0.67861609,0.173785233,1
3,10,87,0.743850721,0.793664027,0.039080062,1
3,112,38,0.699321459,0.83326386,0.141794916,1
1,21,34,0.527565734,0.670696123,0.121736123,0
15,100,4,0.646734521,0.723218008,0.122427806,1
2,3,15,0.680661578,0.753647353,0.168770534,1
4,41,1,0.731128075,0.844101709,0.186408439,0
6,8,44,0.304919423,0.643601501,0.406190559,1
14,20,49,0.872773537,0.932888704,0.326301228,0
1,8,8,0.811704835,0.89287203,0.159951582,1
1,43,2,0.349448685,0.433097124,0.171364344,0
0,55,33,0.309160305,0.394330971,0.272522912,0
4,42,44,0.606022053,0.712380158,0.154072281,0
4,19,42,0.81043257,0.814922885,0.090264569,0
4,2,39,0.438083121,0.643601501,0.226180183,1
0,19,0,0.680237489,0.84535223,0.232232405,1
11,21,73,0.678117048,0.770737807,0.087670759,1
1,9,18,0.353689567,0.351813256,0.041846792,0
14,14,51,0.391433418,0.502709462,0.158568217,1
5,83,0,0.78201866,0.847853272,0.050146983,0
3,3,78,0.572094996,0.668611922,0.119315234,0
11,21,224,0.425360475,0.462275948,0.024900571,1
3,59,3,0.434266327,0.478949562,0.072280823,1
9,75,49,0.35072095,0.395581492,0.065363998,0
5,43,19,0.599236641,0.668611922,0.069514093,1
1,77,12,0.429601357,0.502709462,0.097700156,0
3,39,8,0.264631043,0.339308045,0.270274944,1
12,234,30,0.309160305,0.35764902,0.046169808,1
3,12,87,0.699321459,0.754064193,0.04392184,0
3,9,63,0.275233249,0.310129221,0.269410341,0
0,51,20,0.559372349,0.601083785,0.071243299,1
13,320,15,0.523324852,0.591496457,0.081618537,1
8,20,48,0.773960984,0.798666111,0.007954349,1
3,26,173,0.612383376,0.668611922,0.064326474,0
4,19,14,0.527141645,0.566069195,0.033719523,1
4,77,38,0.355810008,0.393914131,0.028186063,1
5,10,0,0.521204411,0.590662776,0.066920284,0
2,19,15,0.779898219,0.854105877,0.133494726,1
12,9,220,0.870653096,0.891621509,0.009337714,1
13,149,15,0.226887193,0.300125052,0.066920284,1
3,74,62,0.767175573,0.79783243,0.094760505,0
1,66,12,0.254028838,0.350145894,0.132284282,0
3,37,84,0.913486005,0.960400167,0.047207332,1
4,77,34,0.466497031,0.58315965,0.184506312,1
12,17,135,0.516963528,0.586494373,0.068476569,0
7,55,41,0.648430874,0.767819925,0.179664534,1
11,33,289,0.550890585,0.625260525,0.094760505,0
11,25,33,0.562340967,0.60691955,0.062597268,1
15,7,155,0.423664122,0.471029596,0.134878091,1
2,77,0,0.826547922,0.939558149,0.182604185,1
11,65,1,0.296437659,0.423092955,0.205256787,0
5,55,92,0.909245123,0.982909546,0.09337714,1
1,179,12,0.466072943,0.553147145,0.053951236,0
3,37,87,0.737489398,0.874947895,0.16756009,1
3,34,86,0.561492791,0.604001667,0.064845236,0
4,20,0,0.692960136,0.765318883,0.086460315,1
4,41,6,0.913061917,0.230512714,0.392702749,0
3,14,104,0.824427481,0.920800333,0.147674218,0
4,17,3,0.860474979,0.982909546,0.442158049,0
2,0,15,0.949533503,0.0237599,0.199377486,1
11,2,185,0.740033927,0.874947895,0.137817742,0
2,105,49,0.593299406,0.639433097,0.31039253,0
0,33,15,0.525445293,0.769487286,0.296558879,1
11,30,63,0.597540288,0.670696123,0.107556632,1
3,2,63,0.826547922,0.849937474,0.099083521,0
14,0,12,0.679813401,0.752396832,0.095452187,1
12,9,75,0.735793045,0.731971655,0.047207332,0
3,13,8,0.78201866,0.837432263,0.048244856,1
4,19,8,0.256149279,0.304293456,0.208542279,0
13,21,143,0.936810857,0.016673614,0.077122601,1
0,52,33,0.254028838,0.338891205,0.251253675,0
3,81,49,0.266751484,0.34556065,0.126923742,0
5,38,30,0.60178117,0.635264694,0.021787999,1
11,21,34,0.302798982,0.431012922,0.121736123,0
12,35,185,0.519083969,0.518132555,0.048763617,1
6,141,1,0.692960136,0.770737807,0.199031644,1
1,9,102,0.642493639,0.710295957,0.106692028,0
4,20,166,0.470313825,0.520216757,0.083001902,1
3,22,56,0.900763359,0.977073781,0.126923742,1
5,32,99,0.438507209,0.593163818,0.20594847,0
14,3,107,0.871501272,0.92830346,0.147501297,1
1,9,13,0.949957591,0.965402251,0.068476569,0
4,17,51,0.448685327,0.587744894,0.183295867,1
4,41,39,0.013570823,0.255523135,0.301573578,0
3,13,67,0.381255301,0.420591913,0.046169808,0
14,59,49,0.342663274,0.388078366,0.039598824,0
3,39,44,0.824427481,0.937473947,0.135742694,0
9,26,68,0.656912638,0.717382243,0.078160125,0
5,54,51,0.524173028,0.686952897,0.211309009,0
5,74,11,0.775657337,0.806586078,0.088708283,1
15,18,14,0.683630195,0.754481034,0.175168598,0
4,36,39,0.266327396,0.423926636,0.184333391,0
1,8,118,0.480916031,0.593997499,0.245374373,1
11,2,302,0.894402036,0.966652772,0.047726094,1
7,3,0,0.393977947,0.506877866,0.157011932,0
8,20,172,0.765055131,0.799916632,0.119833996,1
5,26,0,0.606022053,0.74989579,0.124329933,1
1,33,92,0.911365564,0.209253856,0.323534498,0
3,41,91,0.896522477,0.960400167,0.106864949,1
1,9,6,0.640373198,0.727803251,0.158568217,0
3,22,26,0.213740458,0.393497291,0.191941899,0
7,0,16,0.309160305,0.378907878,0.076257998,0
5,5,78,0.905004241,0.965819091,0.07694968,1
4,43,4,0.606022053,0.719049604,0.235172056,0
0,30,49,0.68235793,0.728220092,0.066574442,1
17,84,91,0.446988974,0.793664027,0.410686495,0
5,20,147,0.691687871,0.727386411,0.030779872,1
4,3,51,0.399491094,0.439766569,0.028186063,1
9,82,152,0.388888889,0.593997499,0.224278056,0
6,8,105,0.763782867,0.926636098,0.451495763,1
11,33,186,0.382103478,0.465193831,0.120525679,0
1,9,153,0.951229856,0.965402251,0.073318347,1
0,126,14,0.298982188,0.353897457,0.14559917,1
3,22,150,0.510602205,0.67903293,0.165485042,1
1,9,89,0.404580153,0.44101709,0.031990316,0
1,59,36,0.260390161,0.38099208,0.103233616,0
1,5,12,0.563189143,0.637348895,0.089572886,1
7,17,54,0.781170483,0.92830346,0.440428843,1
1,27,12,0.643765903,0.763651521,0.135569773,0
3,42,52,0.775657337,0.843684869,0.180874978,1
4,20,7,0.480067854,0.52396832,0.05222203,0
4,42,44,0.610262935,0.717799083,0.154072281,0
3,35,11,0.692960136,0.71446436,0.073837109,1
1,1,36,0.606870229,0.67903293,0.166349646,0
5,55,77,0.729007634,0.770737807,0.043748919,1
2,3,87,0.690839695,0.766986244,0.131073837,1
11,55,2,0.608142494,0.69028762,0.169289296,0
1,8,36,0.733248516,0.841600667,0.114127615,1
3,41,56,0.771416455,0.835348062,0.169462217,1
8,185,39,0.254028838,0.335973322,0.090956251,1
11,26,2,0.304919423,0.392246769,0.115165139,0
1,103,12,0.344783715,0.426427678,0.124502853,0
4,77,4,0.648430874,0.724051688,0.188829327,1
3,75,63,0.254028838,0.314297624,0.106692028,0
4,62,8,0.567005937,0.878699458,0.436970431,0
12,99,2,0.550890585,0.588578574,0.03302784,1
13,19,293,0.521204411,0.593997499,0.091993775,0
1,35,77,0.95504665,0.982909546,0.036659173,1
0,21,64,0.595419847,0.683201334,0.066401522,1
11,21,251,0.599660729,0.710295957,0.07954349,1
3,0,87,0.440627651,0.54772822,0.154936884,0
3,14,16,0.353689567,0.422676115,0.076603839,1
3,12,27,0.900763359,0.010004168,0.187100121,0
4,59,4,0.381255301,0.58357649,0.197475359,0
3,75,33,0.737489398,0.877032097,0.160470344,0
5,55,135,0.438507209,0.508128387,0.064845236,0
4,26,4,0.567005937,0.645268862,0.104098219,1
3,42,87,0.856234097,0.927052939,0.140584472,1
1,21,30,0.565733673,0.66652772,0.03562165,0
4,80,39,0.81764207,0.887036265,0.098737679,1
14,3,125,0.650551315,0.759483118,0.177070725,1
0,137,33,0.35793045,0.417674031,0.046861491,1
11,33,91,0.703138253,0.764068362,0.059484697,1
0,2,47,0.485156913,0.626094206,0.570638077,1
14,44,27,0.772688719,0.879533139,0.154072281,1
3,8,33,0.470313825,0.601917466,0.172056026,1
4,27,51,0.258693808,0.395581492,0.185716756,0
3,26,33,0.818066158,0.883284702,0.17032682,1
8,135,39,0.654368109,0.724468529,0.087324918,1
8,122,7,0.654368109,0.685702376,0.019540031,0
13,39,4,0.68235793,0.751146311,0.090091648,1
6,33,0,0.950805768,0.295539808,0.419332526,0
11,169,63,0.55216285,0.589829095,0.040290507,0
12,19,2,0.511450382,0.599416424,0.142313678,1
6,8,8,0.637828668,0.726969571,0.159951582,1
14,105,63,0.263358779,0.379324719,0.295348435,0
8,198,39,0.659033079,0.794497707,0.121044441,0
8,5,157,0.321458863,0.388495206,0.062597268,0
5,44,6,0.648430874,0.686952897,0.043403078,1
3,4,61,0.86259542,0.889537307,0.027667301,1
17,84,54,0.470313825,0.793664027,0.40117586,1
3,14,15,0.656912638,0.712380158,0.102541933,1
12,9,50,0.659033079,0.689870779,0.030952793,0
0,12,15,0.553859203,0.601083785,0.130382155,1
11,227,15,0.510178117,0.584827011,0.091647934,1
9,152,134,0.609414758,0.722801167,0.209233962,0
1,105,12,0.722222222,0.774489371,0.09078333,1
0,55,14,0.644189992,0.758232597,0.237074183,1
0,2,98,0.81043257,0.882034181,0.112398409,1
11,19,94,0.487277354,0.556481867,0.163755836,1
1,21,2,0.400339271,0.46394331,0.052740792,1
1,1,152,0.769296014,0.794080867,0.028877745,0
1,41,12,0.296437659,0.51187995,0.269410341,0
5,32,138,0.404580153,0.520633597,0.169635137,0
3,14,40,0.315521628,0.433097124,0.391838146,0
4,44,26,0.531806616,0.628595248,0.174476915,0
5,328,39,0.273960984,0.335139642,0.030779872,1
11,8,21,0.650127226,0.682367653,0.033719523,0
4,20,136,0.485156913,0.517715715,0.022133841,1
7,80,7,0.739609839,0.842851188,0.149230503,0
1,30,30,0.228583545,0.545227178,0.35448729,0
3,3,80,0.593299406,0.685285536,0.20058793,1
5,134,7,0.299406277,0.374739475,0.104616981,0
7,30,43,0.351569126,0.708211755,0.442158049,1
7,64,43,0.341815098,0.387661526,0.047034411,0
13,47,15,0.228583545,0.305960817,0.078678886,1
6,33,49,0.74173028,0.793664027,0.03579457,0
0,42,20,0.595419847,0.676115048,0.135223932,1
3,2,62,0.599660729,0.720716965,0.149749265,1
6,59,43,0.304919423,0.645685702,0.417949161,0
12,10,2,0.345207803,0.398499375,0.164447519,1
3,33,12,0.555131467,0.847853272,0.331661767,0
4,19,24,0.393977947,0.42851188,0.09337714,0
7,83,6,0.254028838,0.306794498,0.080753934,0
3,27,13,0.720525869,0.760316799,0.071762061,1
4,104,4,0.31764207,0.388495206,0.154936884,0
11,57,15,0.254452926,0.26219258,0.044440602,1
1,2,12,0.044105174,0.25010421,0.202317136,1
4,14,39,0.340966921,0.398499375,0.057409649,0
5,5,125,0.644189992,0.684451855,0.046515649,0
11,34,8,0.434690416,0.503959983,0.059484697,0
8,91,39,0.849872774,0.88078366,0.007954349,1
7,32,109,0.381255301,0.480616924,0.318519799,1
7,30,43,1.0,0.340975406,0.442158049,0
7,0,63,0.857082273,0.92913714,0.335984783,0
4,32,44,0.254028838,0.303459775,0.043403078,1
11,21,155,0.849872774,0.896623593,0.152515995,1
0,2,30,0.733248516,0.924968737,0.189175169,1
7,17,16,0.847752332,0.924968737,0.104962822,0
6,33,37,0.393977947,0.597749062,0.210444406,1
13,172,4,0.432569975,0.474364318,0.043403078,1
11,2,153,0.572094996,0.709462276,0.128307107,1
17,62,176,0.521204411,0.814506044,0.4450977,1
7,3,43,0.901611535,0.001667361,0.158222376,1
5,5,132,0.406276506,0.466444352,0.050838665,1
4,19,176,0.440627651,0.501042101,0.20041501,1
3,83,11,0.2985581,0.33305544,0.074874633,0
4,36,4,0.33884648,0.38099208,0.037696697,1
6,8,15,0.438507209,0.685285536,0.292581705,1
15,41,85,0.702290076,0.919132972,0.213556977,0
3,110,91,0.644189992,0.683201334,0.056890887,1
5,20,136,0.695504665,0.728220092,0.022133841,1
